0002.jpg,159.77681
0004.jpg,84.298584
0005.jpg,1491.6843
0006.jpg,173.14839
0016.jpg,289.52405
0020.jpg,103.30085
0024.jpg,110.2133
0028.jpg,89.82154
0033.jpg,146.07256
0041.jpg,183.56229
0043.jpg,142.94945
0045.jpg,80.42538
0047.jpg,106.38629
0060.jpg,498.5496
0059.jpg,153.73517
0065.jpg,343.21475
0071.jpg,258.56924
0079.jpg,68.51001
0080.jpg,30.08412
0086.jpg,132.91173
0087.jpg,201.80812
0090.jpg,112.05201
0091.jpg,166.12047
0093.jpg,107.87677
0094.jpg,131.63501
0096.jpg,106.55831
0098.jpg,401.85843
0104.jpg,203.42403
0110.jpg,115.84111
0115.jpg,114.81756
0117.jpg,160.42894
0119.jpg,353.6624
0120.jpg,545.34827
0121.jpg,224.91084
0123.jpg,79.613205
0124.jpg,115.36948
0129.jpg,122.40835
0130.jpg,364.96808
0131.jpg,267.18564
0132.jpg,1014.626
0140.jpg,421.9792
0152.jpg,391.5331
0153.jpg,630.3259
0154.jpg,128.40468
0157.jpg,439.74384
0159.jpg,132.01137
0160.jpg,82.87455
0176.jpg,334.14505
0178.jpg,154.5318
0186.jpg,195.62837
0195.jpg,68.5211
0202.jpg,161.38696
0211.jpg,207.56007
0212.jpg,237.16507
0216.jpg,349.41495
0218.jpg,657.5674
0222.jpg,128.283
0223.jpg,111.01207
0226.jpg,162.50624
0227.jpg,165.48238
0229.jpg,525.6555
0234.jpg,118.38063
0236.jpg,983.5294
0237.jpg,109.5444
0238.jpg,383.4672
0240.jpg,105.99519
0242.jpg,80.23162
0244.jpg,80.5231
0245.jpg,522.28326
0252.jpg,249.88165
0253.jpg,110.37604
0254.jpg,163.79839
0256.jpg,99.90323
0257.jpg,101.325775
0258.jpg,82.64744
0259.jpg,314.92734
0262.jpg,146.93849
0263.jpg,104.80518
0264.jpg,268.65198
0265.jpg,87.47687
0269.jpg,180.8219
0273.jpg,368.82602
0275.jpg,87.349846
0279.jpg,521.48926
0281.jpg,103.86582
0286.jpg,113.86456
0288.jpg,1833.0911
0291.jpg,166.32942
0293.jpg,316.25674
0294.jpg,372.55466
0297.jpg,311.88986
0299.jpg,311.52792
0301.jpg,91.91838
0303.jpg,86.681465
0306.jpg,90.19871
0307.jpg,89.61324
0308.jpg,309.84525
0309.jpg,126.33005
0311.jpg,92.898674
0312.jpg,85.34233
0316.jpg,145.94325
0319.jpg,139.81523
0325.jpg,86.98918
0327.jpg,127.00929
0331.jpg,136.67381
0332.jpg,1174.7764
0347.jpg,179.75182
0350.jpg,189.63606
0351.jpg,59.130898
0353.jpg,87.36409
0354.jpg,90.882065
0356.jpg,168.61107
0361.jpg,129.1958
0362.jpg,180.34589
0372.jpg,221.91078
0374.jpg,113.31731
0379.jpg,173.19539
0381.jpg,127.47575
0384.jpg,198.60558
0392.jpg,37.01373
0396.jpg,93.21861
0398.jpg,202.96153
0400.jpg,348.46872
0401.jpg,119.12734
0402.jpg,156.6241
0403.jpg,843.6068
0409.jpg,112.11339
0410.jpg,104.97859
0412.jpg,400.34488
0416.jpg,101.91775
0417.jpg,86.42565
0419.jpg,120.17183
0420.jpg,168.07954
0421.jpg,127.478355
0426.jpg,109.37795
0427.jpg,110.80002
0431.jpg,118.46327
0433.jpg,85.70951
0434.jpg,89.80139
0435.jpg,281.43948
0438.jpg,119.07228
0441.jpg,126.11488
0443.jpg,180.74722
0447.jpg,205.75523
0449.jpg,160.63237
0453.jpg,133.94768
0455.jpg,130.8539
0458.jpg,106.48719
0459.jpg,209.12927
0463.jpg,199.69545
0464.jpg,238.69594
0466.jpg,85.80689
0469.jpg,110.14563
0470.jpg,100.6657
0471.jpg,630.7218
0473.jpg,108.12282
0479.jpg,506.15408
0483.jpg,195.86696
0492.jpg,118.32863
0493.jpg,262.67282
0494.jpg,195.2304
0495.jpg,105.51887
0503.jpg,195.66656
0504.jpg,653.9979
0505.jpg,204.55545
0510.jpg,95.23227
0511.jpg,183.3973
0515.jpg,94.36673
0516.jpg,412.85526
0519.jpg,335.05545
0520.jpg,127.86067
0527.jpg,830.94714
0529.jpg,1553.7498
0533.jpg,207.96217
0535.jpg,80.8362
0538.jpg,119.598206
0540.jpg,119.117
0542.jpg,86.189835
0544.jpg,164.00336
0547.jpg,125.6214
0549.jpg,100.8169
0550.jpg,138.33153
0552.jpg,156.41638
0555.jpg,418.70773
0561.jpg,123.47713
0563.jpg,119.44781
0565.jpg,127.97545
0567.jpg,90.86839
0568.jpg,461.1083
0569.jpg,74.19141
0571.jpg,875.78845
0574.jpg,279.35385
0576.jpg,131.68703
0577.jpg,156.32683
0581.jpg,563.75793
0582.jpg,72.81626
0584.jpg,78.23005
0586.jpg,100.638374
0587.jpg,162.83635
0588.jpg,470.74344
0589.jpg,206.849
0590.jpg,222.40387
0591.jpg,1361.905
0592.jpg,380.3941
0593.jpg,123.79203
0595.jpg,114.381615
0597.jpg,96.4619
0600.jpg,141.18034
0601.jpg,92.10852
0602.jpg,172.05405
0603.jpg,91.59732
0604.jpg,300.16696
0605.jpg,222.166
0608.jpg,1856.1818
0609.jpg,145.80388
0614.jpg,168.23201
0615.jpg,171.44214
0617.jpg,89.65845
0618.jpg,94.53232
0619.jpg,150.31442
0622.jpg,150.35411
0626.jpg,173.45348
0627.jpg,877.8716
0641.jpg,334.86377
0642.jpg,114.923386
0644.jpg,323.89334
0645.jpg,198.68114
0646.jpg,101.59526
0648.jpg,3509.742
0650.jpg,2035.6572
0651.jpg,89.06547
0654.jpg,195.6314
0657.jpg,393.56216
0658.jpg,140.54022
0660.jpg,107.94366
0666.jpg,75.25743
0669.jpg,86.832756
0673.jpg,100.36353
0674.jpg,410.19998
0676.jpg,141.10011
0678.jpg,242.71219
0679.jpg,186.65788
0686.jpg,250.60823
0687.jpg,123.24516
0689.jpg,123.18471
0690.jpg,704.5818
0693.jpg,582.04443
0696.jpg,124.29462
0699.jpg,106.085915
0700.jpg,205.19589
0701.jpg,192.84644
0704.jpg,130.90736
0705.jpg,415.73605
0707.jpg,164.29265
0709.jpg,133.0107
0712.jpg,150.88829
0713.jpg,86.99683
0718.jpg,103.1834
0720.jpg,129.0237
0722.jpg,420.29028
0723.jpg,111.060425
0727.jpg,96.29918
0728.jpg,100.42233
0731.jpg,689.99695
0733.jpg,140.00722
0736.jpg,80.41463
0741.jpg,543.4242
0743.jpg,80.06003
0749.jpg,149.84628
0753.jpg,152.79219
0754.jpg,115.61719
0755.jpg,122.88309
0758.jpg,129.80562
0759.jpg,282.5126
0760.jpg,182.75758
0762.jpg,57.500973
0768.jpg,865.7185
0770.jpg,50.537636
0773.jpg,439.2379
0774.jpg,98.86835
0775.jpg,240.5645
0777.jpg,333.39877
0779.jpg,87.366264
0782.jpg,277.99966
0785.jpg,308.95786
0786.jpg,218.47348
0792.jpg,456.03802
0797.jpg,219.70421
0798.jpg,114.01407
0800.jpg,258.07913
0803.jpg,160.4138
0805.jpg,245.38336
0806.jpg,102.09543
0813.jpg,429.04028
0814.jpg,448.2404
0817.jpg,141.6428
0819.jpg,103.36659
0821.jpg,212.16231
0822.jpg,82.118835
0823.jpg,166.5711
0825.jpg,111.31859
0826.jpg,95.12728
0829.jpg,93.9256
0830.jpg,316.86234
0832.jpg,395.66293
0833.jpg,77.832726
0835.jpg,205.1611
0837.jpg,150.60704
0839.jpg,108.53055
0844.jpg,417.42
0849.jpg,157.17862
0850.jpg,121.41652
0852.jpg,503.6613
0855.jpg,135.10765
0857.jpg,2001.9883
0859.jpg,94.65276
0867.jpg,154.27036
0868.jpg,85.73595
0871.jpg,663.42065
0872.jpg,87.79212
0873.jpg,881.7805
0875.jpg,144.25563
0878.jpg,174.82373
0879.jpg,272.53366
0880.jpg,135.60304
0881.jpg,205.53761
0882.jpg,411.47696
0884.jpg,703.08057
0887.jpg,98.29205
0889.jpg,293.88315
0890.jpg,127.396225
0891.jpg,430.9139
0895.jpg,1907.5725
0897.jpg,405.39792
0900.jpg,214.29199
0906.jpg,141.48769
0907.jpg,325.88596
0911.jpg,152.50775
0915.jpg,135.45924
0916.jpg,121.92388
0919.jpg,434.58594
0925.jpg,498.8762
0926.jpg,87.32202
0927.jpg,90.881134
0928.jpg,356.8992
0931.jpg,234.57112
0934.jpg,145.90158
0935.jpg,345.96976
0936.jpg,224.8672
0940.jpg,186.18172
0941.jpg,119.56982
0944.jpg,179.79091
0946.jpg,265.17804
0949.jpg,333.53238
0952.jpg,844.02686
0957.jpg,115.08458
0958.jpg,135.16695
0965.jpg,563.7046
0968.jpg,230.81052
0970.jpg,126.4993
0975.jpg,145.21754
0978.jpg,117.26224
0985.jpg,128.73877
0990.jpg,377.31146
0991.jpg,225.53874
0992.jpg,727.0796
0993.jpg,141.03969
0997.jpg,158.94308
0999.jpg,113.50975
1007.jpg,142.58397
1009.jpg,159.51302
1013.jpg,322.32413
1016.jpg,175.74751
1019.jpg,374.04355
1022.jpg,79.86803
1025.jpg,950.49536
1026.jpg,61.85293
1027.jpg,168.94267
1029.jpg,118.47176
1033.jpg,289.795
1034.jpg,108.96976
1036.jpg,156.78793
1043.jpg,114.40001
1044.jpg,192.59239
1045.jpg,158.96082
1047.jpg,100.0355
1049.jpg,1373.056
1051.jpg,236.24849
1052.jpg,308.1899
1056.jpg,294.70364
1058.jpg,580.90283
1062.jpg,209.76079
1065.jpg,249.65742
1066.jpg,88.54927
1068.jpg,333.09955
1075.jpg,92.14375
1077.jpg,1549.7996
1080.jpg,194.48466
1083.jpg,840.3935
1086.jpg,68.348206
1088.jpg,106.46962
1089.jpg,115.27553
1090.jpg,267.28598
1094.jpg,217.24025
1101.jpg,186.23332
1102.jpg,271.84155
1104.jpg,117.303604
1106.jpg,229.05247
1109.jpg,431.58337
1112.jpg,287.72086
1118.jpg,383.55063
1122.jpg,113.321075
1123.jpg,473.4622
1130.jpg,290.2283
1131.jpg,222.26967
1133.jpg,140.63974
1136.jpg,171.23332
1141.jpg,110.111855
1149.jpg,171.3212
1150.jpg,405.69846
1152.jpg,94.801895
1155.jpg,87.79656
1162.jpg,144.24706
1163.jpg,439.4737
1165.jpg,72.54709
1172.jpg,79.57953
1185.jpg,77.366745
1191.jpg,339.52554
1195.jpg,565.8018
1196.jpg,246.57405
1198.jpg,84.44209
1199.jpg,82.4739
1200.jpg,77.293594
1203.jpg,671.00964
1210.jpg,144.12581
1211.jpg,162.05153
1216.jpg,112.488525
1218.jpg,451.8144
1222.jpg,467.46786
1224.jpg,245.24522
1231.jpg,118.731964
1237.jpg,309.4774
1239.jpg,229.46051
1245.jpg,3502.5825
1246.jpg,104.869995
1250.jpg,106.36328
1251.jpg,128.8085
1252.jpg,606.8756
1254.jpg,155.86609
1258.jpg,176.27287
1259.jpg,644.30273
1265.jpg,314.5634
1266.jpg,58.004627
1269.jpg,229.7422
1271.jpg,129.49016
1272.jpg,436.53668
1273.jpg,92.69666
1277.jpg,88.54743
1284.jpg,558.6326
1286.jpg,204.85915
1291.jpg,110.895935
1293.jpg,104.176216
1295.jpg,252.25096
1297.jpg,103.38166
1301.jpg,55.601383
1309.jpg,105.84291
1314.jpg,67.986946
1317.jpg,98.555756
1322.jpg,123.1591
1327.jpg,154.48424
1329.jpg,138.661
1330.jpg,65.08116
1332.jpg,136.2736
1335.jpg,513.72437
1336.jpg,619.98114
1337.jpg,119.70161
1338.jpg,630.40674
1340.jpg,105.70937
1343.jpg,376.48123
1346.jpg,218.2584
1347.jpg,154.87973
1351.jpg,138.24486
1354.jpg,710.6679
1358.jpg,80.98956
1359.jpg,101.38274
1361.jpg,209.86484
1365.jpg,113.954605
1366.jpg,480.55865
1371.jpg,209.66508
1373.jpg,201.7104
1379.jpg,143.40324
1382.jpg,156.86288
1383.jpg,535.4883
1389.jpg,104.607025
1390.jpg,141.12737
1393.jpg,123.082214
1394.jpg,222.81595
1395.jpg,408.0728
1399.jpg,99.58736
1400.jpg,132.091
1402.jpg,279.01663
1411.jpg,106.844086
1415.jpg,142.95374
1417.jpg,834.4524
1418.jpg,264.18436
1419.jpg,105.31212
1421.jpg,150.03989
1422.jpg,74.721176
1428.jpg,466.70157
1432.jpg,133.46223
1438.jpg,100.56106
1439.jpg,94.77066
1442.jpg,91.66181
1444.jpg,151.52304
1446.jpg,372.96408
1450.jpg,84.327705
1451.jpg,106.62819
1455.jpg,145.40746
1456.jpg,102.5159
1458.jpg,172.87881
1465.jpg,518.6195
1466.jpg,149.68314
1470.jpg,88.95543
1474.jpg,334.8972
1476.jpg,135.7574
1479.jpg,130.1887
1480.jpg,677.6267
1481.jpg,102.84738
1483.jpg,102.983765
1484.jpg,412.17072
1485.jpg,263.8107
1486.jpg,148.09064
1488.jpg,110.383064
1489.jpg,372.27774
1490.jpg,533.4546
1492.jpg,148.50163
1493.jpg,112.70043
1494.jpg,113.23006
1496.jpg,79.20125
1499.jpg,200.95804
1502.jpg,140.46251
1506.jpg,192.84648
1507.jpg,205.1162
1510.jpg,492.09976
1512.jpg,148.90443
1515.jpg,439.03937
1517.jpg,170.70493
1518.jpg,731.4575
1519.jpg,79.719925
1522.jpg,143.60185
1523.jpg,350.78705
1527.jpg,394.16403
1529.jpg,85.8974
1531.jpg,125.18309
1534.jpg,105.22212
1536.jpg,99.79959
1537.jpg,99.616135
1545.jpg,133.05812
1547.jpg,180.90034
1548.jpg,167.65959
1550.jpg,151.67976
1556.jpg,114.75935
1558.jpg,109.06415
1559.jpg,185.95587
1563.jpg,101.68617
1565.jpg,111.35709
1567.jpg,174.59296
1568.jpg,94.00297
1572.jpg,107.40929
1575.jpg,102.28729
1577.jpg,133.05211
1580.jpg,204.69768
1583.jpg,79.83844
1586.jpg,542.8166
1589.jpg,81.91707
1590.jpg,131.10356
1591.jpg,658.0751
1592.jpg,113.44742
1594.jpg,165.19075
1595.jpg,79.22421
1600.jpg,199.43874
1602.jpg,90.50806
1605.jpg,103.27075
1606.jpg,79.79334
1615.jpg,117.0912
1619.jpg,82.34756
1621.jpg,100.093346
1624.jpg,110.74251
1625.jpg,828.895
1635.jpg,478.77954
1638.jpg,92.74654
1644.jpg,132.03833
1648.jpg,87.601074
1650.jpg,182.79012
1651.jpg,173.64378
1652.jpg,156.04533
1656.jpg,90.87773
1660.jpg,111.66007
1661.jpg,220.94481
1663.jpg,97.38641
1666.jpg,138.89128
1667.jpg,500.36185
1670.jpg,839.73596
1671.jpg,139.7613
1674.jpg,258.24344
1679.jpg,268.04904
1680.jpg,106.62237
1681.jpg,92.69366
1684.jpg,58.1627
1689.jpg,90.59641
1690.jpg,155.02461
1695.jpg,102.20849
1696.jpg,100.72482
1705.jpg,106.24597
1706.jpg,90.63541
1712.jpg,2847.7778
1714.jpg,80.78
1715.jpg,210.4537
1716.jpg,398.00223
1719.jpg,785.7106
1720.jpg,1211.6287
1722.jpg,156.22221
1725.jpg,103.699715
1728.jpg,321.26413
1730.jpg,498.41965
1731.jpg,88.79377
1733.jpg,110.29726
1737.jpg,100.54196
1738.jpg,188.6592
1740.jpg,1579.4211
1742.jpg,49.931805
1744.jpg,119.08621
1746.jpg,127.27307
1758.jpg,110.21898
1762.jpg,493.05417
1765.jpg,222.03062
1769.jpg,176.49208
1770.jpg,93.635544
1771.jpg,93.63112
1773.jpg,133.51729
1775.jpg,257.29373
1779.jpg,428.61832
1780.jpg,275.65732
1783.jpg,112.9512
1784.jpg,127.18234
1794.jpg,1436.708
1795.jpg,2570.9514
1796.jpg,130.54683
1801.jpg,302.69995
1802.jpg,49.51903
1810.jpg,80.04246
1811.jpg,101.473724
1814.jpg,112.016815
1815.jpg,125.62728
1818.jpg,202.24568
1819.jpg,1426.3167
1826.jpg,114.78134
1827.jpg,215.3144
1828.jpg,196.90453
1830.jpg,176.13911
1831.jpg,349.47342
1834.jpg,71.10997
1835.jpg,89.86763
1838.jpg,253.23204
1841.jpg,67.755394
1851.jpg,122.050865
1852.jpg,108.70032
1853.jpg,132.71626
1856.jpg,99.06281
1859.jpg,114.21701
1861.jpg,115.59578
1862.jpg,140.57808
1867.jpg,112.036835
1868.jpg,216.12611
1869.jpg,132.41447
1870.jpg,182.42664
1872.jpg,107.31864
1873.jpg,111.807625
1882.jpg,90.260574
1884.jpg,236.1851
1892.jpg,323.46844
1895.jpg,114.94632
1897.jpg,108.18991
1901.jpg,186.13564
1903.jpg,869.60376
1904.jpg,377.72418
1906.jpg,235.46414
1907.jpg,561.2877
1911.jpg,92.36427
1912.jpg,66.26104
1914.jpg,848.61584
1915.jpg,241.40656
1922.jpg,1441.1973
1923.jpg,124.685585
1926.jpg,305.1221
1927.jpg,195.84605
1930.jpg,426.63425
1932.jpg,103.833786
1937.jpg,114.42672
1942.jpg,111.239914
1943.jpg,799.2913
1944.jpg,291.37057
1945.jpg,119.98804
1946.jpg,163.8238
1949.jpg,78.96946
1952.jpg,1094.5916
1960.jpg,106.5907
1962.jpg,118.3813
1965.jpg,117.92963
1967.jpg,102.054085
1973.jpg,226.78215
1974.jpg,2011.3357
1979.jpg,202.6793
1981.jpg,317.90683
1982.jpg,126.408195
1984.jpg,130.51662
1985.jpg,328.6716
1986.jpg,153.81566
1990.jpg,49.033783
1994.jpg,112.32939
1996.jpg,501.75452
2002.jpg,102.787674
2010.jpg,307.66275
2011.jpg,275.32645
2013.jpg,359.6648
2014.jpg,2684.4177
2015.jpg,149.08221
2016.jpg,63.990776
2018.jpg,106.902054
2019.jpg,122.45444
2021.jpg,81.83464
2025.jpg,100.64114
2032.jpg,571.6527
2042.jpg,102.157555
2047.jpg,299.0521
2050.jpg,340.84525
2052.jpg,105.52321
2054.jpg,140.22285
2056.jpg,548.4186
2061.jpg,455.62308
2069.jpg,111.2642
2070.jpg,3415.3142
2071.jpg,173.7693
2076.jpg,568.36194
2077.jpg,273.926
2079.jpg,150.99251
2082.jpg,72.38355
2083.jpg,669.0746
2084.jpg,111.47676
2087.jpg,76.317505
2089.jpg,448.2053
2090.jpg,259.91617
2091.jpg,115.1968
2099.jpg,93.98217
2100.jpg,118.53133
2102.jpg,159.5798
2103.jpg,264.30118
2104.jpg,30.831062
2105.jpg,95.939865
2116.jpg,112.970924
2117.jpg,87.087524
2118.jpg,87.382675
2125.jpg,199.24055
2134.jpg,144.1299
2138.jpg,124.164444
2143.jpg,128.88814
2145.jpg,90.95215
2150.jpg,94.68373
2152.jpg,105.70342
2153.jpg,227.35796
2154.jpg,247.94038
2156.jpg,359.1561
2159.jpg,176.52122
2160.jpg,167.5584
2162.jpg,436.85275
2166.jpg,88.564896
2167.jpg,135.7158
2168.jpg,186.03908
2171.jpg,135.99983
2173.jpg,123.4615
2174.jpg,144.12804
2176.jpg,120.53415
2180.jpg,1430.8054
2182.jpg,270.83096
2187.jpg,137.12042
2194.jpg,115.02487
2196.jpg,249.6468
2199.jpg,709.20325
2203.jpg,2768.4243
2204.jpg,289.44388
2205.jpg,82.57677
2206.jpg,130.36336
2208.jpg,171.73286
2209.jpg,77.095
2211.jpg,175.4529
2213.jpg,228.60213
2217.jpg,386.7585
2220.jpg,142.51054
2223.jpg,99.11655
2226.jpg,104.15458
2227.jpg,151.72832
2230.jpg,125.517075
2231.jpg,144.22649
2236.jpg,1062.3629
2246.jpg,91.12646
2248.jpg,329.02902
2249.jpg,91.451294
2254.jpg,135.79971
2255.jpg,115.078224
2258.jpg,1712.3898
2260.jpg,270.67166
2265.jpg,146.75122
2269.jpg,2248.5627
2270.jpg,270.74765
2272.jpg,458.7042
2273.jpg,87.090256
2285.jpg,139.25584
2289.jpg,80.87963
2298.jpg,141.07138
2301.jpg,200.01498
2302.jpg,75.99464
2303.jpg,218.87495
2304.jpg,346.94174
2309.jpg,203.99303
2312.jpg,447.69266
2315.jpg,521.5475
2317.jpg,243.51501
2318.jpg,292.72534
2322.jpg,1029.1226
2326.jpg,95.62932
2329.jpg,337.14975
2331.jpg,78.51497
2332.jpg,163.55055
2333.jpg,165.29402
2338.jpg,430.39896
2340.jpg,118.75458
2345.jpg,144.98851
2351.jpg,124.499176
2353.jpg,111.68487
2354.jpg,1331.2046
2355.jpg,144.70027
2356.jpg,204.43962
2358.jpg,200.6935
2359.jpg,93.596054
2360.jpg,340.61853
2363.jpg,108.2435
2365.jpg,53.755093
2366.jpg,88.62007
2367.jpg,577.8439
2368.jpg,411.91727
2372.jpg,186.4299
2373.jpg,166.86922
2374.jpg,161.67778
2379.jpg,173.35973
2389.jpg,227.55882
2392.jpg,79.47006
2395.jpg,119.75206
2396.jpg,102.80351
2399.jpg,136.84453
2400.jpg,85.20201
2401.jpg,135.9422
2402.jpg,734.61597
2404.jpg,140.875
2406.jpg,107.41239
2408.jpg,629.2129
2409.jpg,100.40792
2413.jpg,687.11694
2417.jpg,92.0462
2420.jpg,92.29562
2421.jpg,228.01823
2423.jpg,281.6054
2426.jpg,146.69981
2429.jpg,134.494
2430.jpg,349.69864
2431.jpg,162.83675
2442.jpg,141.64943
2447.jpg,86.46028
2460.jpg,111.25158
2461.jpg,119.59169
2469.jpg,118.57531
2470.jpg,200.74948
2471.jpg,106.57207
2475.jpg,101.011246
2477.jpg,134.47816
2478.jpg,684.54504
2483.jpg,2182.0269
2488.jpg,194.80188
2490.jpg,248.2881
2493.jpg,386.5781
2496.jpg,165.09053
2497.jpg,132.87355
2501.jpg,259.06198
2502.jpg,383.08228
2503.jpg,69.75003
2510.jpg,216.7223
2511.jpg,136.64557
2513.jpg,129.26155
2514.jpg,196.81647
2516.jpg,135.37837
2517.jpg,123.37477
2518.jpg,438.17886
2520.jpg,82.74238
2521.jpg,401.77673
2523.jpg,170.03589
2527.jpg,107.097855
2529.jpg,102.82373
2533.jpg,160.61327
2540.jpg,132.63441
2542.jpg,1553.6748
2543.jpg,106.8946
2544.jpg,97.500275
2546.jpg,111.45607
2547.jpg,371.38742
2549.jpg,139.02419
2553.jpg,365.81723
2554.jpg,142.19104
2558.jpg,449.29166
2560.jpg,167.98016
2561.jpg,158.36635
2562.jpg,257.58786
2563.jpg,137.20204
2564.jpg,131.77663
2565.jpg,179.99187
2566.jpg,115.432495
2567.jpg,67.45832
2578.jpg,99.7493
2579.jpg,101.73955
2580.jpg,4006.1882
2584.jpg,87.453606
2585.jpg,110.297874
2586.jpg,90.97195
2587.jpg,97.36931
2590.jpg,122.534584
2592.jpg,123.13099
2593.jpg,73.39841
2594.jpg,157.84084
2602.jpg,254.48065
2603.jpg,542.6102
2604.jpg,28.001549
2608.jpg,223.86073
2611.jpg,141.00777
2619.jpg,287.1528
2621.jpg,130.34258
2624.jpg,332.09436
2628.jpg,142.75298
2634.jpg,204.63847
2636.jpg,900.37585
2638.jpg,87.307205
2639.jpg,134.63734
2641.jpg,98.91943
2642.jpg,182.63722
2643.jpg,101.87811
2644.jpg,1566.5386
2647.jpg,243.20287
2648.jpg,542.16223
2654.jpg,202.52097
2658.jpg,145.41858
2659.jpg,311.87735
2666.jpg,185.01996
2676.jpg,124.18411
2684.jpg,445.53006
2685.jpg,147.37221
2692.jpg,272.77585
2693.jpg,103.32317
2695.jpg,92.58858
2698.jpg,106.32319
2703.jpg,147.25536
2706.jpg,84.55563
2707.jpg,118.04776
2708.jpg,121.40151
2710.jpg,69.13132
2711.jpg,236.25642
2714.jpg,388.23795
2722.jpg,1080.451
2723.jpg,99.6384
2724.jpg,88.75886
2725.jpg,135.6887
2728.jpg,917.48267
2731.jpg,154.26299
2736.jpg,330.37543
2739.jpg,124.11237
2740.jpg,2672.9983
2742.jpg,83.90344
2743.jpg,252.81718
2746.jpg,110.55804
2749.jpg,104.17627
2753.jpg,98.26747
2758.jpg,504.92642
2761.jpg,113.638985
2763.jpg,156.60463
2764.jpg,116.704094
2768.jpg,311.2783
2772.jpg,106.279976
2774.jpg,119.19675
2779.jpg,346.92938
2784.jpg,94.13534
2788.jpg,130.35255
2790.jpg,424.3809
2792.jpg,70.31676
2793.jpg,60.284992
2794.jpg,914.5546
2795.jpg,160.1411
2797.jpg,104.90761
2802.jpg,720.583
2803.jpg,146.7639
2804.jpg,87.356224
2812.jpg,215.84991
2817.jpg,143.6069
2819.jpg,71.20019
2821.jpg,127.59469
2822.jpg,81.28613
2825.jpg,2289.067
2828.jpg,692.1865
2831.jpg,100.71155
2833.jpg,217.27106
2842.jpg,78.88437
2847.jpg,60.330475
2853.jpg,88.716675
2856.jpg,89.51799
2860.jpg,143.08455
2862.jpg,135.16212
2864.jpg,508.86496
2866.jpg,95.863014
2870.jpg,124.51278
2873.jpg,250.8715
2877.jpg,74.6418
2879.jpg,141.32867
2885.jpg,93.46593
2888.jpg,87.41138
2889.jpg,162.2429
2890.jpg,124.25105
2892.jpg,308.49286
2893.jpg,136.22807
2898.jpg,142.7195
2904.jpg,100.40555
2909.jpg,76.220184
2910.jpg,659.8231
2911.jpg,66.31923
2913.jpg,134.55284
2919.jpg,97.05496
2921.jpg,308.43326
2923.jpg,150.35689
2924.jpg,117.441055
2925.jpg,168.96098
2927.jpg,655.48676
2931.jpg,673.4526
2935.jpg,155.26543
2936.jpg,163.92564
2939.jpg,337.72696
2944.jpg,582.2192
2945.jpg,136.12697
2946.jpg,166.49995
2947.jpg,355.30417
2948.jpg,203.70393
2953.jpg,378.82004
2954.jpg,106.710785
2959.jpg,111.11184
2961.jpg,346.0367
2962.jpg,114.79578
2963.jpg,482.3108
2965.jpg,243.45616
2966.jpg,126.05415
2967.jpg,1312.9517
2970.jpg,127.671844
2971.jpg,109.38692
2973.jpg,131.59926
2975.jpg,219.37971
2977.jpg,129.69714
2978.jpg,409.70685
2979.jpg,353.91208
2983.jpg,81.0927
2985.jpg,90.5753
2989.jpg,123.15169
2996.jpg,521.5956
3000.jpg,272.59073
3011.jpg,207.10905
3015.jpg,357.44406
3021.jpg,118.579636
3023.jpg,197.22249
3025.jpg,363.70178
3026.jpg,129.62616
3027.jpg,84.301544
3031.jpg,119.38512
3032.jpg,590.87976
3033.jpg,132.84332
3034.jpg,186.56155
3035.jpg,98.75792
3037.jpg,129.10175
3044.jpg,318.1523
3045.jpg,111.53299
3048.jpg,92.0422
3051.jpg,112.10753
3063.jpg,98.148315
3065.jpg,139.3185
3071.jpg,114.919785
3076.jpg,288.26233
3079.jpg,236.16768
3082.jpg,177.16661
3088.jpg,101.17634
3090.jpg,115.25174
3092.jpg,102.70755
3096.jpg,1753.604
3099.jpg,72.034035
3101.jpg,199.06816
3102.jpg,118.973465
3112.jpg,348.8202
3113.jpg,87.436844
3118.jpg,119.98642
3120.jpg,696.44385
3121.jpg,363.54346
3122.jpg,164.24109
3126.jpg,142.05434
3128.jpg,467.22778
3135.jpg,443.10196
3137.jpg,835.91943
3138.jpg,141.02321
3139.jpg,181.7408
3143.jpg,226.37816
3147.jpg,123.43292
3148.jpg,90.4712
3151.jpg,131.777
3153.jpg,549.0283
3158.jpg,340.6259
3159.jpg,97.680725
3163.jpg,334.71158
3172.jpg,112.22905
3173.jpg,440.5989
3178.jpg,1614.2034
3179.jpg,127.21928
3180.jpg,189.73695
3182.jpg,131.90205
3187.jpg,144.42976
3193.jpg,97.94616
3198.jpg,399.67978
3201.jpg,340.62012
3203.jpg,120.15244
3205.jpg,96.40816
3208.jpg,182.91675
3210.jpg,472.889
3213.jpg,196.66003
3214.jpg,116.58211
3216.jpg,219.76126
3219.jpg,104.34247
3221.jpg,105.31502
3227.jpg,233.92476
3233.jpg,145.2696
3236.jpg,973.86926
3241.jpg,202.1616
3249.jpg,139.94696
3250.jpg,314.92413
3252.jpg,179.42984
3253.jpg,69.44583
3255.jpg,128.54771
3256.jpg,342.7148
3258.jpg,97.9404
3259.jpg,245.0117
3260.jpg,273.25797
3261.jpg,155.528
3264.jpg,305.59265
3267.jpg,157.47687
3269.jpg,1099.7268
3271.jpg,140.62944
3274.jpg,104.58319
3275.jpg,91.00633
3276.jpg,129.3203
3281.jpg,459.33157
3283.jpg,225.77654
3289.jpg,640.3297
3298.jpg,1114.4243
3302.jpg,83.37529
3303.jpg,154.55258
3305.jpg,143.13567
3311.jpg,78.761795
3313.jpg,96.0516
3316.jpg,127.57661
3327.jpg,159.1346
3328.jpg,97.78237
3331.jpg,160.95096
3332.jpg,129.14682
3334.jpg,162.48003
3336.jpg,88.00258
3338.jpg,81.58536
3340.jpg,484.88593
3342.jpg,453.52487
3344.jpg,307.9761
3345.jpg,115.34819
3346.jpg,141.70354
3348.jpg,158.03027
3351.jpg,190.52107
3356.jpg,119.21437
3357.jpg,194.91075
3358.jpg,142.0086
3359.jpg,167.0701
3362.jpg,373.58975
3363.jpg,105.921616
3364.jpg,437.7493
3365.jpg,246.41016
3367.jpg,100.67944
3368.jpg,102.73538
3369.jpg,136.6691
3370.jpg,101.406525
3374.jpg,254.87946
3378.jpg,114.4823
3379.jpg,134.09943
3380.jpg,221.09799
3385.jpg,148.50136
3389.jpg,1184.77
3390.jpg,786.2855
3393.jpg,168.82004
3395.jpg,227.35477
3396.jpg,687.9955
3397.jpg,101.96851
3407.jpg,104.4861
3409.jpg,95.73277
3411.jpg,104.08128
3412.jpg,166.78883
3418.jpg,84.432755
3421.jpg,442.1704
3427.jpg,114.26985
3429.jpg,1341.7275
3431.jpg,388.08725
3435.jpg,75.61372
3436.jpg,116.94204
3437.jpg,155.76103
3441.jpg,111.6483
3442.jpg,91.78416
3447.jpg,227.59541
3448.jpg,111.640976
3450.jpg,2044.0249
3452.jpg,81.35074
3454.jpg,193.57793
3455.jpg,131.6031
3456.jpg,172.3993
3457.jpg,197.5312
3458.jpg,126.79762
3463.jpg,110.29089
3466.jpg,121.40646
3477.jpg,130.42595
3478.jpg,113.847626
3480.jpg,119.05016
3486.jpg,109.87446
3488.jpg,482.75372
3489.jpg,130.16573
3493.jpg,147.59947
3498.jpg,270.77344
3502.jpg,151.02995
3505.jpg,633.32996
3507.jpg,2924.633
3508.jpg,391.10538
3510.jpg,121.80936
3515.jpg,105.344246
3516.jpg,98.678795
3517.jpg,90.729034
3518.jpg,53.808804
3522.jpg,169.03683
3524.jpg,134.07707
3527.jpg,94.906715
3528.jpg,158.31699
3529.jpg,1085.1399
3530.jpg,216.81805
3531.jpg,132.80861
3534.jpg,164.66211
3536.jpg,222.56047
3538.jpg,98.30363
3539.jpg,783.40686
3544.jpg,140.46205
3547.jpg,87.522484
3549.jpg,433.9598
3550.jpg,354.8322
3551.jpg,352.29364
3552.jpg,1306.4419
3555.jpg,131.70766
3560.jpg,701.64514
3561.jpg,104.627396
3565.jpg,715.5294
3566.jpg,105.50819
3576.jpg,101.061714
3581.jpg,267.83368
3582.jpg,137.29578
3586.jpg,103.61798
3588.jpg,90.73419
3589.jpg,733.22424
3591.jpg,191.43575
3593.jpg,108.287094
3594.jpg,81.29451
3600.jpg,173.22786
3601.jpg,201.36504
3602.jpg,82.567505
3603.jpg,101.78543
3608.jpg,206.70982
3610.jpg,788.4264
3611.jpg,912.4429
3612.jpg,421.82193
3614.jpg,143.79018
3616.jpg,35.860767
3617.jpg,181.8255
3621.jpg,174.92732
3622.jpg,222.84047
3623.jpg,98.03336
3624.jpg,98.72022
3627.jpg,87.39635
3631.jpg,376.83978
3637.jpg,73.082306
3644.jpg,1742.0565
3651.jpg,180.11617
3652.jpg,3524.6006
3654.jpg,969.6037
3656.jpg,106.033295
3657.jpg,86.75198
3658.jpg,1212.71
3663.jpg,260.6518
3664.jpg,1332.4452
3668.jpg,492.04068
3671.jpg,105.40176
3673.jpg,139.07878
3676.jpg,113.67224
3677.jpg,801.9298
3678.jpg,360.73163
3680.jpg,671.59015
3682.jpg,115.484085
3683.jpg,254.26303
3685.jpg,1653.8842
3686.jpg,83.926
3687.jpg,95.38526
3690.jpg,1289.7042
3694.jpg,114.81399
3697.jpg,110.2242
3698.jpg,113.33986
3699.jpg,158.04924
3706.jpg,312.16306
3707.jpg,113.39693
3711.jpg,258.45172
3713.jpg,109.37158
3716.jpg,496.26852
3719.jpg,59.696934
3721.jpg,250.34497
3722.jpg,106.86991
3723.jpg,117.61735
3726.jpg,687.69543
3727.jpg,122.859825
3728.jpg,94.81127
3729.jpg,103.07905
3734.jpg,1163.0977
3735.jpg,98.99159
3743.jpg,316.07767
3744.jpg,76.44353
3754.jpg,192.71193
3755.jpg,102.92236
3756.jpg,100.936325
3757.jpg,623.5045
3758.jpg,285.62476
3759.jpg,130.78395
3760.jpg,115.823
3764.jpg,170.26378
3765.jpg,296.70004
3766.jpg,159.08733
3768.jpg,200.81902
3769.jpg,90.755714
3770.jpg,243.74455
3775.jpg,177.62648
3779.jpg,77.06349
3780.jpg,102.87503
3781.jpg,154.28938
3783.jpg,115.23407
3786.jpg,107.84043
3787.jpg,218.32857
3788.jpg,1121.7649
3790.jpg,292.10663
3792.jpg,222.25467
3797.jpg,145.74759
3798.jpg,96.999115
3801.jpg,101.62502
3803.jpg,418.41214
3806.jpg,113.23688
3811.jpg,154.00096
3814.jpg,468.47714
3819.jpg,298.40186
3820.jpg,102.78765
3821.jpg,200.76183
3822.jpg,293.68906
3829.jpg,126.84315
3832.jpg,807.19696
3834.jpg,86.86911
3837.jpg,204.50505
3841.jpg,302.49298
3842.jpg,113.52831
3849.jpg,1264.7958
3854.jpg,207.11972
3855.jpg,101.55124
3857.jpg,227.90567
3858.jpg,217.01895
3859.jpg,365.39557
3862.jpg,314.07016
3870.jpg,126.52252
3871.jpg,112.385735
3880.jpg,79.75658
3881.jpg,545.0721
3887.jpg,201.55952
3888.jpg,85.77263
3891.jpg,121.57632
3895.jpg,257.9498
3896.jpg,57.361317
3897.jpg,95.20165
3898.jpg,193.26979
3899.jpg,118.3819
3905.jpg,218.97675
3907.jpg,132.05031
3910.jpg,581.1243
3911.jpg,92.6222
3914.jpg,167.97208
3916.jpg,248.20332
3917.jpg,1501.4453
3921.jpg,108.135925
3922.jpg,727.0482
3923.jpg,156.4822
3925.jpg,307.41296
3927.jpg,112.57091
3930.jpg,276.33823
3933.jpg,99.89301
3934.jpg,165.36678
3938.jpg,127.92897
3939.jpg,91.69409
3941.jpg,376.18466
3942.jpg,112.46206
3944.jpg,157.76285
3947.jpg,169.05254
3951.jpg,89.26619
3953.jpg,97.626335
3955.jpg,164.77849
3960.jpg,118.105545
3962.jpg,96.17995
3964.jpg,226.54417
3968.jpg,422.51315
3969.jpg,142.89911
3971.jpg,136.59105
3972.jpg,92.75923
3975.jpg,3931.6077
3976.jpg,423.6043
3982.jpg,73.24794
3985.jpg,421.22153
3987.jpg,189.39938
3989.jpg,1196.7267
3991.jpg,256.3956
3994.jpg,79.048935
3998.jpg,272.0274
4001.jpg,171.55922
4002.jpg,83.63698
4006.jpg,96.01544
4009.jpg,494.31418
4012.jpg,352.2347
4014.jpg,85.56184
4020.jpg,87.505554
4022.jpg,163.50092
4026.jpg,197.17259
4030.jpg,91.55605
4036.jpg,161.38237
4037.jpg,98.353355
4044.jpg,233.76625
4046.jpg,533.1844
4047.jpg,97.82785
4048.jpg,242.6555
4053.jpg,393.13446
4054.jpg,104.26523
4056.jpg,333.21286
4058.jpg,89.50202
4064.jpg,186.69435
4065.jpg,159.09276
4066.jpg,1483.1743
4070.jpg,1753.9341
4071.jpg,289.29712
4074.jpg,149.89442
4075.jpg,158.28047
4076.jpg,99.66983
4078.jpg,89.44504
4079.jpg,171.82173
4080.jpg,95.559555
4083.jpg,510.17715
4090.jpg,140.18846
4092.jpg,981.827
4093.jpg,100.17103
4094.jpg,97.52658
4096.jpg,168.66515
4098.jpg,106.95216
4104.jpg,97.68825
4106.jpg,277.44406
4108.jpg,87.094536
4111.jpg,185.94838
4116.jpg,111.45111
4118.jpg,396.241
4119.jpg,1304.634
4122.jpg,114.507416
4126.jpg,765.43555
4127.jpg,419.02884
4128.jpg,217.69905
4132.jpg,153.02461
4134.jpg,111.86567
4135.jpg,125.407196
4136.jpg,140.6772
4138.jpg,99.21854
4139.jpg,92.48713
4140.jpg,107.07182
4141.jpg,1821.0393
4143.jpg,278.77957
4144.jpg,182.86249
4145.jpg,412.11203
4146.jpg,81.2385
4148.jpg,89.14632
4152.jpg,105.90483
4154.jpg,168.19572
4155.jpg,131.02
4159.jpg,5163.9653
4160.jpg,507.26544
4163.jpg,126.12798
4164.jpg,93.0661
4167.jpg,180.5738
4172.jpg,95.45416
4174.jpg,294.57306
4175.jpg,47.2778
4176.jpg,81.698
4178.jpg,183.01096
4180.jpg,161.90813
4181.jpg,116.004715
4182.jpg,106.49229
4193.jpg,365.12057
4195.jpg,190.69777
4199.jpg,248.83997
4201.jpg,228.1881
4202.jpg,137.71516
4204.jpg,114.375984
4208.jpg,1620.7252
4210.jpg,196.7877
4211.jpg,538.96533
4214.jpg,104.57841
4215.jpg,117.036385
4217.jpg,90.5501
4218.jpg,957.57495
4220.jpg,92.916626
4222.jpg,118.08664
4227.jpg,243.22388
4230.jpg,889.9284
4236.jpg,111.63258
4237.jpg,261.38913
4240.jpg,211.14702
4244.jpg,107.33942
4254.jpg,89.318085
4256.jpg,93.0824
4260.jpg,334.00067
4267.jpg,141.60365
4268.jpg,381.00635
4270.jpg,135.15892
4271.jpg,72.89644
4273.jpg,132.43828
4276.jpg,126.79604
4279.jpg,760.09985
4281.jpg,572.62134
4284.jpg,75.053894
4286.jpg,709.49304
4291.jpg,1072.1454
4293.jpg,155.64946
4294.jpg,138.48804
4295.jpg,283.98868
4296.jpg,120.6519
4297.jpg,391.48526
4299.jpg,210.22878
4301.jpg,374.21567
4304.jpg,3413.6926
4309.jpg,133.95071
4310.jpg,86.24805
4311.jpg,540.5104
4312.jpg,376.44424
4314.jpg,107.21546
4315.jpg,246.64088
4316.jpg,92.53848
4318.jpg,87.90541
4322.jpg,328.54984
4323.jpg,77.89735
4324.jpg,716.72485
4325.jpg,114.94385
4327.jpg,331.05783
4328.jpg,293.192
4333.jpg,94.14097
4334.jpg,115.53412
4336.jpg,421.90283
4341.jpg,128.51837
4342.jpg,226.29631
4343.jpg,1775.3568
4346.jpg,217.51646
4347.jpg,318.04153
4352.jpg,135.4056
4353.jpg,467.3317
4355.jpg,85.69412
4356.jpg,118.341095
4362.jpg,817.2582
4366.jpg,776.92395
4367.jpg,195.74287
4372.jpg,849.9264
4374.jpg,114.558334
4375.jpg,96.191956
4376.jpg,119.10765
4378.jpg,167.17888
